{
  "lift": {
    "task_name": "lift",
    "fps": 30,
    "total_episodes": 50,
    "total_frames": 8934,
    "action_dim": 6,
    "action_names": [
      "shoulder_pan.pos",
      "shoulder_lift.pos",
      "elbow_flex.pos",
      "wrist_flex.pos",
      "wrist_roll.pos",
      "gripper.pos"
    ],
    "episode_lengths": {
      "min": 125,
      "max": 296,
      "mean": 178.68,
      "std": 31.78976860178605,
      "median": 174.0
    },
    "episode_times_seconds": {
      "min": 4.133333206176758,
      "max": 9.833333015441895,
      "mean": 5.922666549682617,
      "std": 1.0596588850021362,
      "median": 5.766666412353516
    },
    "action_deltas_per_step": {
      "names": [
        "shoulder_pan.pos",
        "shoulder_lift.pos",
        "elbow_flex.pos",
        "wrist_flex.pos",
        "wrist_roll.pos",
        "gripper.pos"
      ],
      "abs_mean": [
        -0.004645966459065676,
        0.33495616912841797,
        -0.34336137771606445,
        0.061917856335639954,
        -0.017715441063046455,
        -0.0009493170655332506
      ],
      "abs_std": [
        0.46381592750549316,
        1.220592737197876,
        0.7905464172363281,
        0.42948076128959656,
        0.18209706246852875,
        0.737834632396698
      ],
      "abs_max": [
        2.9537506103515625,
        6.8333282470703125,
        5.5530242919921875,
        2.3956756591796875,
        1.4534130096435547,
        4.946100234985352
      ],
      "abs_mean_overall": 0.32012999057769775,
      "abs_max_overall": 6.8333282470703125,
      "percentile_95": [
        1.16595458984375,
        2.8333282470703125,
        2.0937652587890625,
        1.1591949462890625,
        0.46716880798339844,
        1.96575927734375
      ],
      "percentile_99": [
        1.8655266761779785,
        3.75,
        3.0040969848632812,
        1.7001533508300781,
        0.8305215835571289,
        2.9803428649902344
      ]
    }
  },
  "sort": {
    "task_name": "sort",
    "fps": 30,
    "total_episodes": 100,
    "total_frames": 33526,
    "action_dim": 12,
    "action_names": [
      "left_shoulder_pan.pos",
      "left_shoulder_lift.pos",
      "left_elbow_flex.pos",
      "left_wrist_flex.pos",
      "left_wrist_roll.pos",
      "left_gripper.pos",
      "right_shoulder_pan.pos",
      "right_shoulder_lift.pos",
      "right_elbow_flex.pos",
      "right_wrist_flex.pos",
      "right_wrist_roll.pos",
      "right_gripper.pos"
    ],
    "episode_lengths": {
      "min": 23,
      "max": 619,
      "mean": 335.26,
      "std": 75.54390254759952,
      "median": 326.0
    },
    "episode_times_seconds": {
      "min": 0.7333333492279053,
      "max": 20.600000381469727,
      "mean": 11.14200210571289,
      "std": 2.51813006401062,
      "median": 10.833333015441895
    },
    "action_deltas_per_step": {
      "names": [
        "left_shoulder_pan.pos",
        "left_shoulder_lift.pos",
        "left_elbow_flex.pos",
        "left_wrist_flex.pos",
        "left_wrist_roll.pos",
        "left_gripper.pos",
        "right_shoulder_pan.pos",
        "right_shoulder_lift.pos",
        "right_elbow_flex.pos",
        "right_wrist_flex.pos",
        "right_wrist_roll.pos",
        "right_gripper.pos"
      ],
      "abs_mean": [
        -0.0048815286718308926,
        0.006798767019063234,
        -0.011060859076678753,
        0.006194035988301039,
        -0.012799602001905441,
        0.008863760158419609,
        0.011408673599362373,
        0.008139881305396557,
        -0.005408693570643663,
        0.003185887588188052,
        0.013631457462906837,
        0.003801681799814105
      ],
      "abs_std": [
        0.8190234899520874,
        1.6148419380187988,
        1.5330699682235718,
        0.7550548315048218,
        0.39057308435440063,
        1.2241771221160889,
        0.8294527530670166,
        1.6492456197738647,
        1.464646816253662,
        0.6810072660446167,
        0.2904910743236542,
        0.9893128275871277
      ],
      "abs_max": [
        6.244998931884766,
        14.423477172851562,
        11.399909019470215,
        6.097038269042969,
        5.474452495574951,
        9.643129348754883,
        6.218421936035156,
        10.25,
        13.56395149230957,
        8.114372253417969,
        3.477809429168701,
        11.540899276733398
      ],
      "abs_mean_overall": 0.4209138751029968,
      "abs_max_overall": 14.423477172851562,
      "percentile_95": [
        2.161729335784912,
        4.025157928466797,
        3.7391700744628906,
        1.88922119140625,
        0.8863401412963867,
        3.189065933227539,
        2.2541770935058594,
        4.083333492279053,
        3.732362747192383,
        1.7001571655273438,
        0.6747989654541016,
        2.5364627838134766
      ],
      "percentile_99": [
        3.362689971923828,
        6.037737846374512,
        6.110351085662842,
        3.1773300170898438,
        1.7726802825927734,
        5.542900085449219,
        3.4201316833496094,
        5.979165077209473,
        5.826125144958496,
        3.0139083862304688,
        1.349597692489624,
        4.502220153808594
      ]
    }
  },
  "stack": {
    "task_name": "stack",
    "fps": 30,
    "total_episodes": 100,
    "total_frames": 24883,
    "action_dim": 6,
    "action_names": [
      "shoulder_pan.pos",
      "shoulder_lift.pos",
      "elbow_flex.pos",
      "wrist_flex.pos",
      "wrist_roll.pos",
      "gripper.pos"
    ],
    "episode_lengths": {
      "min": 88,
      "max": 384,
      "mean": 248.83,
      "std": 41.80427096251136,
      "median": 246.5
    },
    "episode_times_seconds": {
      "min": 2.9000000953674316,
      "max": 12.766666412353516,
      "mean": 8.26099967956543,
      "std": 1.3934756517410278,
      "median": 8.183333396911621
    },
    "action_deltas_per_step": {
      "names": [
        "shoulder_pan.pos",
        "shoulder_lift.pos",
        "elbow_flex.pos",
        "wrist_flex.pos",
        "wrist_roll.pos",
        "gripper.pos"
      ],
      "abs_mean": [
        -0.0034720548428595066,
        0.3510953187942505,
        -0.3436717689037323,
        0.057821765542030334,
        0.0029699821025133133,
        0.08632956445217133
      ],
      "abs_std": [
        0.38513192534446716,
        1.081991195678711,
        0.7750516533851624,
        0.3981592059135437,
        0.2648591101169586,
        0.7562440037727356
      ],
      "abs_max": [
        2.8760194778442383,
        7.25,
        5.461994171142578,
        3.7867050170898438,
        2.2839345932006836,
        6.531389236450195
      ],
      "abs_mean_overall": 0.3057992160320282,
      "abs_max_overall": 7.25,
      "percentile_95": [
        1.010493278503418,
        2.6666669845581055,
        2.093763828277588,
        1.0046310424804688,
        0.6747989654541016,
        2.0291690826416016
      ],
      "percentile_99": [
        1.554605484008789,
        3.9166717529296875,
        3.0040969848632812,
        1.5456008911132812,
        1.1419672966003418,
        3.107166290283203
      ]
    }
  }
}